ccq_builds_in_sonar_period,sonar_start_date,sonar_end_date,sonar_duration,project,median_coverage,median_ncloc,last_ncloc,max_ncloc,median_ci_time_running,max_ci_time_running,median_ci_duration,max_ci_duration,median_ci_time_to_fix,max_ci_time_to_fix,ci_builds_failures,ci_builds_in_sonar_period,ci_builds_total_activity_days,ccq_ratio_activity,ci_builds_activity,commits_activity,cov_quantile,citime_quantile,time_to_fix_quantile,ci_activity_quantile,organization,project_name,AHH,CALLS_NOM,CYCLO_LOC,FANOUT_CALLS,LOC_NOM,NOC_NOP,NOM_NOC
352,2018-07-31T07:51:30+0200,2019-07-22T19:52:44+0200,356,osmlab/atlas-generator,18.4,5440.0,6135,6135,280.0,1085,280.0,1085,791.0,86499.0,24,768,356,2.18181818181818,1.0,0.188202247191011,1,3,1.0,4,osmlab,atlas-generator,0.03,1.5,0.18,0.33,6.18,2.5,2.48
120,2019-03-26T18:56:26+0100,2019-07-30T01:05:39+0200,125,ressec/hemajoo-foundation,50.9,1422.0,1422,1422,166.0,297,166.0,297,62183.5,86601.0,3,128,122,1.06666666666667,976.0,16.0,1,2,4.0,4,ressec,hemajoo-foundation,0.2,1.22,0.13,0.24,7.16,3.5,5.21
136,2019-04-21T22:40:53+0200,2019-07-29T20:30:35+0200,98,apache/incubator-tamaya,62.9,8550.0,8550,8550,268.0,569,1016.0,1535,2172.0,80525.0,18,162,88,1.19117647058824,0.8979591836734692,0.17346938775510198,2,3,2.0,4,apache,incubator-tamaya,0.02,4.69,0.19,0.29,6.96,9.5,6.07
344,2018-10-11T09:54:56+0200,2019-07-29T20:31:55+0200,291,SonarSource/sonarqube,89.5,298478.0,298478,298478,1102.0,3006,1492.0,3709,29708.5,983901.0,69,383,162,1.11337209302326,0.556701030927835,0.52233676975945,3,4,4.0,3,SonarSource,sonarqube,0.02,3.19,0.17,0.32,5.8,7.62,5.73
344,2017-09-09T14:38:05+0200,2019-07-29T00:24:09+0200,687,gurkenlabs/litiengine,23.3,32210.0,37932,37932,178.0,23894,178.0,23894,3223.5,1767600.0,190,1255,274,3.64825581395349,0.3988355167394471,0.547307132459971,1,2,3.0,2,gurkenlabs,litiengine,0.12,1.6,0.22,0.41,4.54,6.95,6.3
152,2019-02-27T07:00:05+0100,2019-07-29T19:35:04+0200,152,snuspl/incubator-nemo,39.2,29614.0,29614,29614,1302.5,3763,1405.0,3126,3324.0,85389.0,129,549,148,3.61184210526316,0.9736842105263158,0.111842105263158,1,4,3.0,4,snuspl,incubator-nemo,0.0,1.41,0.2,0.43,5.15,4.37,3.66
176,2019-02-01T17:08:08+0100,2019-07-29T18:01:32+0200,177,deeplyocean/oceans,71.6,419.0,419,419,103.0,354,103.0,354,,,0,179,173,1.01704545454545,0.977401129943503,0.0112994350282486,2,1,,4,deeplyocean,oceans,0.0,4.11,0.14,0.28,6.76,3.2,2.12
744,2018-07-12T19:19:02+0200,2019-07-30T04:17:47+0200,382,osmlab/atlas,68.3,74954.0,79991,79991,525.0,2910,524.5,2910,1648.0,86602.0,174,2488,378,3.34408602150538,0.989528795811518,0.463350785340314,2,4,2.0,4,osmlab,atlas,0.03,1.63,0.18,0.39,6.1850000000000005,2.995,6.42
608,2018-05-20T17:36:06+0200,2019-07-30T14:10:26+0200,435,webauthn4j/webauthn4j,82.9,7794.0,8320,8320,310.0,1244,1037.0,3460,1697.0,88678.0,61,1004,267,1.65131578947368,0.613793103448276,0.27816091954023,3,3,2.0,3,webauthn4j,webauthn4j,0.03,1.29,0.28,0.57,5.24,5.41,3.98
152,2018-10-12T15:19:47+0200,2019-07-26T16:12:47+0200,287,hmcts/sscs-bulk-scan,96.3,1471.0,1510,1510,203.0,452,201.0,452,1125.0,251526.0,63,1083,150,7125.0,0.522648083623693,0.470383275261324,4,2,2.0,3,hmcts,sscs-bulk-scan,0.0,3.57,0.165,0.15,7.390000000000001,2.11,1.5
160,2019-06-27T13:21:14+0200,2019-07-30T14:20:18+0200,33,alfio-event/alf.io,51.7,28339.5,28514,28514,238.0,677,459.0,570,1052.0,1726.0,5,167,26,1.04375,0.787878787878788,0.0,1,3,2.0,4,alfio-event,alf.io,0.0,2.06,0.21,0.17,3.81,5.115,3.34
168,2018-09-28T16:50:43+0200,2019-07-30T10:51:34+0200,304,hmcts/send-letter-service,95.1,2150.0,2806,2806,330.0,996,327.0,996,3198.5,439119.0,153,941,159,5.60119047619048,0.523026315789474,0.0,4,3,3.0,3,hmcts,send-letter-service,0.0,3.54,0.15,0.23,6.47,3.7,2.62
272,2018-01-27T09:02:51+0100,2019-07-30T14:52:19+0200,549,WojciechZankowski/iextrading4j-hist,87.8,2526.0,2526,2526,169.0,18395,542.0,1251,86384.0,143617.0,8,589,542,2.16544117647059,0.9872495446265942,0.0,3,2,4.0,4,WojciechZankowski,iextrading4j-hist,0.05,2.73,0.22,0.33,5.65,2.61,4.82
208,2018-05-26T11:07:02+0200,2019-07-15T14:44:00+0200,415,WojciechZankowski/iextrading4j-book,94.0,727.0,727,727,113.0,455,113.0,455,,,0,415,414,1.99519230769231,0.997590361445783,0.0,4,1,,4,WojciechZankowski,iextrading4j-book,0.0,5.01,0.15,0.25,7.0,2.0,7.5
120,2019-02-23T12:17:38+0100,2019-07-29T14:35:01+0200,156,romanutti/gephi-plugins,63.1,1336.0,1883,1883,229.0,422,229.0,422,11287.5,39893.0,5,211,69,1.7583333333333302,0.442307692307692,0.0,2,2,4.0,2,romanutti,gephi-plugins,0.14,2.74,0.06,0.33,15.92,4.14,3.41
184,2019-02-11T14:24:27+0100,2019-07-30T12:59:39+0200,168,Mastercard/oauth1-signer-java,83.6,499.0,499,499,195.0,765,596.0,1189,86459.0,172868.0,7,200,160,1.08695652173913,0.952380952380952,0.0,3,2,4.0,4,Mastercard,oauth1-signer-java,0.05,2.15,0.15,0.54,8.55,4.16,2.6
200,2018-09-21T18:53:53+0200,2019-07-30T11:10:59+0200,311,hmcts/ccd-data-store-api,94.1,18369.0,18829,18829,674.0,3000,647.0,3000,1470.5,530795.0,656,3503,214,17515.0,0.688102893890675,0.0,4,4,2.0,3,hmcts,ccd-data-store-api,0.05,2.51,0.17,0.28,5.95,2.48,9.94
200,2018-09-24T23:44:53+0200,2019-07-29T11:47:09+0200,307,hmcts/ccd-definition-store-api,86.8,10399.0,11924,11924,551.0,1269,547.0,1269,2071.0,511376.0,360,2342,204,11.71,0.664495114006515,0.0,3,4,2.0,3,hmcts,ccd-definition-store-api,0.01,2.77,0.16,0.3,6.01,5.69,4.18
120,2018-09-29T03:35:31+0200,2019-07-16T18:17:39+0200,290,hmcts/ccd-user-profile-api,92.4,1180.0,1180,1180,205.0,533,202.0,533,44750.0,251912.0,36,154,37,1.28333333333333,0.12758620689655198,0.0,4,2,4.0,1,hmcts,ccd-user-profile-api,0.0,2.61,0.16,0.29,7.08,2.06,2.03
928,2017-08-23T14:13:30+0200,2019-07-30T08:17:56+0200,705,WojciechZankowski/iextrading4j,92.9,10958.0,20476,20476,438.5,25919,627.0,52855,53964.0,1206194.0,203,1029,624,1.10883620689655,0.885106382978723,0.0,4,4,4.0,4,WojciechZankowski,iextrading4j,0.01,5.6,0.18,0.12,7.55,11.51,3.94
160,2019-06-01T07:33:08+0200,2019-07-06T07:11:14+0200,34,jinahya/jsonrpc-bind,82.4,665.5,905,905,123.0,681,230.5,693,64.5,104.0,2,190,30,1.1875,0.882352941176471,0.0,3,1,1.0,4,jinahya,jsonrpc-bind,0.0,1.435,0.265,0.46,4.78,3.0,0.88
64,2019-04-20T21:05:11+0200,2019-07-01T22:54:34+0200,72,Siouan/frontend-gradle-plugin,95.75,1344.0,1640,1640,205.0,607,210.0,913,2265.5,1218246.0,113,267,24,4.171875,0.33333333333333304,0.0,4,2,3.0,2,Siouan,frontend-gradle-plugin,0.21,3.26,0.17,0.14,5.66,7.33,2.77
64,2019-06-19T21:14:19+0200,2019-07-12T02:15:04+0200,22,newtonjose/cs-2019-01,100.0,1127.0,1127,1127,86.5,220,85.5,304,2262.0,8030.0,11,74,16,1.15625,0.7272727272727271,0.0,4,1,3.0,3,newtonjose,cs-2019-01,0.0,2.335,0.155,0.59,8.34,1.68,2.515
80,2019-03-28T12:33:34+0100,2019-07-25T09:33:22+0200,118,T-Systems-MMS/skoop-server,83.65,10854.5,10971,10971,407.0,730,407.0,730,19314.0,19314.0,4,273,52,3.4125,0.440677966101695,0.0,3,3,4.0,2,T-Systems-MMS,skoop-server,0.025,11.19,0.07,0.07,13.35,3.61,2.02
288,2019-03-08T16:24:50+0100,2019-07-27T12:49:50+0200,140,synyx/urlaubsverwaltung,67.2,21370.5,22280,22280,290.0,491,285.0,491,1442.5,271683.0,80,1045,87,3.62847222222222,0.621428571428571,0.0,2,3,2.0,3,synyx,urlaubsverwaltung,0.01,4.84,0.13,0.26,8.86,5.14,6.0
56,2019-04-30T23:49:43+0200,2019-07-05T13:20:10+0200,65,DoublesunRUS/ru.capralow.dt.unit.launcher,5.4,2643.0,2665,2665,369.0,1405,363.0,1405,987.5,2371.0,16,121,29,2.16071428571429,0.446153846153846,0.0,1,3,1.0,3,DoublesunRUS,ru.capralow.dt.unit.launcher,0.0,0.96,0.22,0.42,5.2,1.61,2.8
256,2018-09-28T15:03:19+0200,2019-07-30T08:59:07+0200,304,hmcts/bulk-scan-orchestrator,91.2,1595.5,2595,2595,270.0,880,256.0,880,3354.0,1751406.0,237,1725,176,6.73828125,0.578947368421053,0.0,4,3,3.0,3,hmcts,bulk-scan-orchestrator,0.0,2.63,0.16,0.3,6.58,2.97,2.26
80,2019-05-29T09:03:45+0200,2019-07-29T08:27:37+0200,60,Lumenol/computer-database,18.7,16828.0,16828,16828,162.0,350,161.5,350,3202.5,86480.0,16,216,57,2.7,0.95,0.0,1,2,3.0,4,Lumenol,computer-database,0.0,1.505,0.28,0.42,4.05,2.6,6.21
336,2018-07-31T07:51:13+0200,2019-07-17T19:58:57+0200,351,osmlab/atlas-checks,68.55,9015.5,9772,9772,301.0,959,301.0,959,1742.0,41859.0,21,939,350,2.79464285714286,0.9971509971509972,0.0,2,3,2.0,4,osmlab,atlas-checks,0.02,0.6,0.26,0.39,4.1,4.17,6.65
448,2017-12-19T15:59:22+0100,2019-07-29T02:50:41+0200,586,trellis-ldp/trellis,99.35,8929.5,10318,10318,665.0,2132,1610.0,7198,1485.0,168164.0,77,1147,177,2.56026785714286,0.302047781569966,0.0,4,4,2.0,2,trellis-ldp,trellis,0.02,1.9649999999999999,0.23,0.27,4.005,5.08,3.58
192,2019-04-06T14:00:31+0200,2019-07-26T08:25:50+0200,110,resilience4j/resilience4j,82.4,16473.5,16794,16794,999.5,1852,1019.0,2796,2589.0,152090.0,109,582,78,3.03125,0.7090909090909091,0.0,3,4,3.0,3,resilience4j,resilience4j,0.03,2.87,0.18,0.26,5.34,1.55,6.89
120,2019-01-28T14:02:09+0100,2019-07-22T17:02:32+0200,175,CJSCommonPlatform/cake-shop,58.0,4951.0,4993,4993,434.0,1133,429.0,1133,642.5,172445.0,44,358,65,2.9833333333333303,0.3714285714285711,0.0,2,4,1.0,2,CJSCommonPlatform,cake-shop,0.0,4.54,0.16,0.24,6.64,4.25,2.75
168,2018-01-19T11:55:33+0100,2019-07-17T13:26:26+0200,544,CJSCommonPlatform/stream-transformation-tool,84.7,2196.0,3085,3085,432.0,936,431.0,936,1513.0,523568.0,77,409,62,2.43452380952381,0.113970588235294,0.0,3,4,2.0,1,CJSCommonPlatform,stream-transformation-tool,0.0,5.645,0.15,0.29,7.51,4.43,3.37
24,2019-01-14T08:40:30+0100,2019-07-08T09:50:54+0200,175,amitnema/elasticsearch-elixir,45.2,1527.0,1559,1559,277.5,483,278.0,722,134506.0,606910.0,27,52,7,2.1666666666666696,0.04,0.0,1,3,4.0,1,amitnema,elasticsearch-elixir,0.0,1.22,0.25,0.29,3.4,1.36,4.73
120,2019-04-03T22:40:51+0200,2019-06-27T17:36:13+0200,84,JanMalch/kino,88.4,4677.0,4691,4691,204.5,617,202.0,617,1732.0,240649.0,60,562,54,4.68333333333333,0.6428571428571429,0.0,3,2,2.0,3,JanMalch,kino,0.03,2.08,0.18,0.41,6.16,3.67,4.34
112,2019-02-20T16:14:27+0100,2019-07-30T14:54:10+0200,159,hmcts/rpa-em-ccd-orchestrator,88.05,1256.5,1616,1616,224.0,706,221.0,706,4499.5,1183925.0,47,301,54,2.6875,0.339622641509434,0.0,3,2,3.0,2,hmcts,rpa-em-ccd-orchestrator,0.0,2.545,0.15,0.38,7.205,3.84,3.31
192,2018-10-31T12:22:28+0100,2019-07-22T16:00:33+0200,264,CJSCommonPlatform/event-store,75.45,7742.5,9701,9701,404.0,3000,401.0,3000,1346.5,253657.0,107,1169,128,6.08854166666667,0.484848484848485,0.0,2,3,2.0,3,CJSCommonPlatform,event-store,0.0,8.030000000000001,0.09,0.19,10.76,4.555,2.9
224,2019-02-01T14:54:09+0100,2019-07-17T10:03:18+0200,165,exasol/virtual-schema-common-java,88.0,4741.0,4748,4748,156.0,451,155.0,451,1579.0,249570.0,36,362,57,1.61607142857143,0.34545454545454496,0.0,3,2,2.0,2,exasol,virtual-schema-common-java,0.07,1.7149999999999999,0.27,0.48,4.51,8.23,5.46
176,2018-10-26T13:08:27+0200,2019-07-18T16:01:34+0200,265,CJSCommonPlatform/framework-generators,83.8,9742.0,10574,10574,547.0,1567,544.5,1567,993.0,101273.0,22,492,81,2.79545454545455,0.305660377358491,0.0,3,4,1.0,2,CJSCommonPlatform,framework-generators,0.0,9.61,0.09,0.19,11.84,4.89,3.885
64,2019-05-01T00:21:29+0200,2019-07-07T19:39:17+0200,67,eskaton/asn4j,50.9,18206.5,19221,19221,142.0,272,142.0,272,2167.5,95462.0,9,120,38,1875.0,0.567164179104478,0.0,1,1,2.0,3,eskaton,asn4j,0.11,1.73,0.21,0.37,6.24,9.35,2.92
296,2017-09-16T12:51:46+0200,2019-07-29T22:00:53+0200,681,VocabHunter/vocabhunter,89.6,7748.0,8371,8371,467.0,1247,464.0,1247,2259.0,699862.0,7,369,152,1.2466216216216202,0.223201174743025,0.0,4,4,3.0,2,VocabHunter,vocabhunter,0.0,1.3,0.25,0.45,4.14,5.72,4.03
224,2018-11-27T15:31:50+0100,2019-07-16T13:09:42+0200,230,molgenis/molgenis,63.15,92361.5,97427,97427,830.0,3000,1399.0,4799,2723.0,210115.0,191,1679,212,7.49553571428571,0.921739130434783,0.0,2,4,3.0,4,molgenis,molgenis,0.03,4.16,0.15,0.21,6.29,4.82,4.725
240,2017-08-15T15:24:29+0200,2019-07-12T10:18:04+0200,695,CJSCommonPlatform/jsonschema-pojo-generator,97.7,4380.0,4473,4473,137.0,999,136.5,999,2196.0,590652.0,18,856,81,3.56666666666667,0.116546762589928,0.0,4,1,3.0,1,CJSCommonPlatform,jsonschema-pojo-generator,0.0,7.44,0.09,0.21,10.76,6.7,2.74
176,2018-06-25T05:45:25+0200,2019-07-22T04:31:04+0200,391,KengoTODA/guava-helper-for-java-8,80.4,955.0,814,814,133.0,379,132.0,379,22.5,36.0,3,213,55,1.21022727272727,0.140664961636829,0.0,3,1,1.0,1,KengoTODA,guava-helper-for-java-8,0.0,2.64,0.22,0.56,4.52,6.33,1.78
200,2017-11-23T16:20:56+0100,2019-07-11T17:40:14+0200,595,CJSCommonPlatform/json-schema-catalog,88.0,1593.0,1694,1694,141.0,563,140.5,563,333.5,71910.0,23,372,52,1.86,0.0873949579831933,0.0,3,1,1.0,1,CJSCommonPlatform,json-schema-catalog,0.01,7.41,0.11,0.26,8.55,5.66,2.59
152,2017-08-14T12:41:45+0200,2019-07-11T17:17:00+0200,696,CJSCommonPlatform/generator-maven-plugin,79.1,1289.0,1394,1394,150.0,452,150.0,452,595.0,1101.0,5,211,37,1.38815789473684,0.0531609195402299,0.0,3,2,1.0,1,CJSCommonPlatform,generator-maven-plugin,0.05,4.05,0.14,0.32,7.18,2.69,2.37
336,2018-01-15T17:01:20+0100,2019-07-11T16:25:51+0200,541,CJSCommonPlatform/framework-api,57.8,2018.5,2428,2428,142.0,801,141.0,801,711.0,86262.0,23,539,96,1.6041666666666698,0.177449168207024,0.0,2,1,1.0,1,CJSCommonPlatform,framework-api,0.05,1.07,0.26,0.32,2.21,1.79,3.3
296,2018-06-29T17:00:37+0200,2019-07-30T14:38:05+0200,395,hmcts/bulk-scan-processor,88.7,3446.0,5552,5552,456.0,2969,450.0,2969,1631.0,232927.0,88,1609,125,5.435810810810809,0.316455696202532,0.0,3,4,2.0,2,hmcts,bulk-scan-processor,0.0,2.53,0.165,0.26,5.949999999999999,3.9450000000000003,3.0949999999999998
528,2018-01-18T14:34:41+0100,2019-07-17T08:53:07+0200,544,sflpro/notifier,0.0,13800.0,18539,18539,311.0,896,304.0,896,2051.0,529218.0,131,732,66,1.3863636363636398,0.121323529411765,0.0,1,3,2.0,1,sflpro,notifier,0.28,1.89,0.2,0.36,5.22,1.78,4.79
112,2019-04-06T13:38:07+0200,2019-07-13T17:37:47+0200,98,mivek/metarParser,98.3,3069.0,3100,3100,175.0,545,214.5,545,1193.0,30226.0,7,186,32,1.6607142857142905,0.326530612244898,0.0,4,2,2.0,2,mivek,metarParser,0.03,4.84,0.16,0.28,6.89,7.71,3.91
144,2019-02-28T14:50:22+0100,2019-07-24T15:05:24+0200,145,dernasherbrezon/r2cloud,60.8,7415.0,7396,7396,291.0,1210,291.0,1210,1752.5,151198.0,35,182,76,1.26388888888889,0.5241379310344829,0.0,2,3,2.0,3,dernasherbrezon,r2cloud,0.03,2.465,0.2,0.47,7.765,6.289999999999999,4.58
272,2018-01-26T22:04:27+0100,2019-06-24T00:59:15+0200,513,miw-upm/betca-tpv-spring,78.35,3760.0,8945,8945,216.0,634,216.0,634,3159.0,140152.0,29,387,75,1.4227941176470602,0.146198830409357,0.0,2,2,3.0,1,miw-upm,betca-tpv-spring,0.05,1.15,0.25,0.41,4.14,10.06,7.05
48,2019-04-26T22:45:16+0200,2019-07-22T20:23:20+0200,86,yahoo/fili,81.8,38814.5,39066,39066,779.0,1311,778.0,1311,6844.0,353051.0,98,335,57,6.97916666666667,0.6627906976744189,0.0,3,4,3.0,3,yahoo,fili,0.09,1.1749999999999998,0.25,0.48,4.605,4.57,4.19
248,2018-06-29T09:32:18+0200,2019-07-29T13:04:12+0200,395,RoboZonky/robozonky,85.5,20635.0,24364,24364,3110.0,29724,7626.5,35922,4541.5,607746.0,158,754,148,3.04032258064516,0.374683544303797,0.0,3,4,3.0,2,RoboZonky,robozonky,0.02,1.625,0.25,0.31,3.89,4.49,6.665
128,2018-08-03T16:38:33+0200,2019-07-29T23:48:59+0200,360,KengoTODA/javadocky,49.0,745.0,745,745,180.0,565,179.0,565,490133.0,1364524.0,13,228,64,1.78125,0.17777777777777806,0.0,1,2,4.0,1,KengoTODA,javadocky,0.0,4.47,0.15,0.37,6.56,4.0,1.91
136,2018-12-25T11:13:21+0100,2019-07-20T17:26:00+0200,207,metamug/mason,36.4,2949.0,2949,2949,144.5,409,144.0,409,20363.0,170219.0,23,270,70,1.98529411764706,0.33816425120772897,0.0,1,1,4.0,2,metamug,mason,0.09,2.06,0.21,0.41,7.86,2.06,4.59
152,2019-03-28T15:32:55+0100,2019-07-29T17:25:10+0200,123,PantheonTechnologies/lighty-core,44.3,11584.0,11716,11716,578.5,1632,1011.5,2440,14622.5,32214.0,7,408,70,2.6842105263157903,0.569105691056911,0.0,1,4,4.0,3,PantheonTechnologies,lighty-core,0.0,1.74,0.18,0.37,5.16,2.15,6.9
112,2017-09-15T15:37:28+0200,2019-06-20T11:41:46+0200,642,CJSCommonPlatform/artemis-manager,66.1,1207.5,1867,1867,213.0,937,213.0,937,319.0,2501838.0,33,176,28,1.57142857142857,0.043613707165109004,0.0,2,2,1.0,1,CJSCommonPlatform,artemis-manager,0.1,6.34,0.10500000000000001,0.275,8.325,4.12,3.255
88,2019-05-14T13:47:12+0200,2019-07-28T20:38:32+0200,75,goldy1992/Mp3Player,68.2,7829.0,8242,8242,346.5,950,344.5,950,47090.5,1255344.0,123,384,66,4.36363636363636,0.88,0.0,2,3,4.0,4,goldy1992,Mp3Player,0.1,2.335,0.21,0.36,5.635,5.0649999999999995,4.7
48,2019-01-30T08:17:49+0100,2019-07-24T15:59:19+0200,175,polygenesis-projects/polygenesis-platform,27.05,18990.0,32361,32361,179.5,1106,179.0,1106,,,0,149,61,3.1041666666666696,0.348571428571429,0.0,1,2,,2,polygenesis-projects,polygenesis-platform,0.07,1.35,0.25,0.59,4.51,3.71,2.73
112,2018-09-25T16:22:19+0200,2019-07-16T11:14:27+0200,293,hmcts/feature-toggle-api,90.6,593.0,593,593,244.0,570,241.0,570,1467.5,2085.0,2,166,46,1.48214285714286,0.15699658703071698,0.0,4,3,2.0,1,hmcts,feature-toggle-api,0.03,4.91,0.09,0.25,10.5,3.9,2.17
224,2017-11-15T05:01:08+0100,2019-07-29T23:50:43+0200,621,KengoTODA/findbugs-slf4j,16.6,2723.0,1599,1599,428.0,1768,779.5,1921,803.5,495388.0,24,500,124,2.23214285714286,0.199677938808374,0.0,1,4,1.0,1,KengoTODA,findbugs-slf4j,0.0,2.96,0.15,0.35,8.51,20.6,1.79
40,2019-06-16T16:38:03+0200,2019-06-19T02:05:07+0200,2,c2v4/greenery,81.8,17849.0,17779,17779,462.5,644,457.0,644,4867.0,9730.0,6,42,3,1.05,1.5,0.0,3,4,3.0,4,c2v4,greenery,0.0,4.46,0.15,0.18,7.08,4.27,5.71
128,2019-03-19T14:51:44+0100,2019-07-29T10:05:09+0200,131,indigo-iam/iam,84.7,29489.0,29489,29489,679.0,1205,679.0,1205,72092.0,173160.0,41,223,128,1.7421875,0.9770992366412208,0.0,3,4,4.0,4,indigo-iam,iam,0.05,4.36,0.14,0.19,7.38,4.12,4.7
144,2018-10-31T17:49:19+0100,2019-07-29T11:21:30+0200,270,hmcts/finrem-document-generator-client,99.1,316.0,523,523,241.0,602,232.0,602,5627.0,399785.0,245,760,92,5.27777777777778,0.3407407407407411,0.0,4,3,3.0,2,hmcts,finrem-document-generator-client,0.05,4.61,0.14500000000000002,0.29,6.984999999999999,3.0,2.4
88,2018-12-02T19:00:12+0100,2019-06-14T19:09:15+0200,193,gruelbox/dropwizard-https-redirect,82.3,361.0,361,361,118.0,366,128.0,464,112.0,327494.0,8,105,20,1.19318181818182,0.103626943005181,0.0,3,1,1.0,1,gruelbox,dropwizard-https-redirect,0.0,6.05,0.12,0.12,7.5,1.5,6.0
192,2019-04-19T12:06:12+0200,2019-06-14T14:15:07+0200,56,unige-pinfo-2019/PInfo1,71.6,1723.5,2838,2838,496.0,1328,494.0,1328,455.0,16834.0,40,629,41,3.2760416666666696,0.732142857142857,0.0,2,4,1.0,3,unige-pinfo-2019,PInfo1,0.0,1.79,0.175,0.39,5.19,3.375,7.23
72,2019-03-23T21:11:08+0100,2019-07-15T18:35:52+0200,113,phantauth/phantauth-service,69.1,5743.0,5936,5936,195.0,369,195.0,369,13038.5,20675.0,14,103,16,1.43055555555556,0.141592920353982,0.0,2,2,4.0,1,phantauth,phantauth-service,0.10500000000000001,1.6349999999999998,0.23,0.42,4.890000000000001,5.43,4.32
112,2019-04-16T16:59:43+0200,2019-06-14T12:42:58+0200,58,unige-pinfo-2019/PInfo3,74.65,1902.0,1893,1893,584.0,1945,1539.5,5029,2621.0,221028.0,133,386,44,3.4464285714285694,0.7586206896551719,0.0,2,4,3.0,4,unige-pinfo-2019,PInfo3,0.0,2.97,0.17,0.345,8.655000000000001,3.7800000000000002,5.300000000000001
160,2018-08-14T22:31:44+0200,2019-07-25T17:29:56+0200,344,TransbankDevelopers/transbank-sdk-java,22.7,5349.0,5349,5349,143.0,605,142.0,605,3786.0,517817.0,16,359,53,2.24375,0.15406976744186,0.0,1,1,3.0,1,TransbankDevelopers,transbank-sdk-java,0.12,0.82,0.25,0.54,4.24,8.13,4.92
40,2017-10-10T16:49:20+0200,2019-06-04T15:21:41+0200,601,atlanmod/neoemf,56.7,16450.0,16450,16450,1924.0,5521,1924.0,5521,7694.0,20820441.0,11,142,55,3.55,0.0915141430948419,0.176372712146423,2,4,3.0,1,atlanmod,neoemf,0.11,1.77,0.23,0.37,4.66,2.65,4.72
80,2018-11-25T13:13:30+0100,2019-07-10T18:53:25+0200,227,albertoirurueta/irurueta-navigation,95.0,53497.0,53630,53630,934.0,1796,934.0,1796,5883.0,326864.0,69,167,49,2.0875,0.215859030837004,0.20704845814978,4,4,3.0,1,albertoirurueta,irurueta-navigation,0.07,4.640000000000001,0.1,0.21,14.855,22.165,16.15
40,2019-04-17T13:52:31+0200,2019-06-01T19:19:53+0200,45,jsulpis/java-study,98.0,685.0,717,717,156.0,216,156.0,216,85561.0,344040.0,10,53,12,1325.0,0.266666666666667,0.266666666666667,4,2,4.0,2,jsulpis,java-study,0.05,2.59,0.22,0.35,5.19,2.1,2.28
72,2019-03-29T19:04:30+0100,2019-06-01T01:01:50+0200,63,svstoll/cscc-recommender,13.8,1705.0,2080,2080,126.0,338,126.0,338,950.0,1085.0,4,120,17,1.6666666666666698,0.26984126984127,0.174603174603175,1,1,1.0,2,svstoll,cscc-recommender,0.0,1.27,0.2,0.45,5.81,1.85,5.5
240,2019-01-18T08:57:10+0100,2019-05-24T02:36:00+0200,125,famaridon/redmine-ng-api,37.5,6663.0,6825,6825,369.0,959,368.5,959,3435.5,412050.0,30,256,117,1.06666666666667,0.936,0.328,1,3,3.0,4,famaridon,redmine-ng-api,0.09,1.33,0.22,0.43,3.86,3.87,3.41
144,2018-01-24T03:57:30+0100,2019-07-12T19:55:22+0200,534,Unidata/rosetta,22.2,8984.0,8000,8000,231.0,765,231.0,765,14961.0,2334293.0,43,153,56,1.0625,0.104868913857678,0.19850187265917604,1,2,4.0,1,Unidata,rosetta,0.07,1.45,0.185,0.37,5.745,3.12,5.94
192,2017-09-15T11:58:37+0200,2019-05-23T14:21:14+0200,615,CJSCommonPlatform/framework-tools,69.4,1205.0,1286,1286,299.0,2998,299.0,2998,978.0,257188.0,29,396,60,2.0625,0.0975609756097561,0.0487804878048781,2,3,1.0,1,CJSCommonPlatform,framework-tools,0.0,4.52,0.15,0.29,7.9,3.0,2.715
32,2019-05-12T10:23:43+0200,2019-05-19T08:30:49+0200,6,jinahya/jinahya-springframework,86.3,660.0,624,624,110.0,143,110.0,143,,,0,36,4,1125.0,0.666666666666667,0.666666666666667,3,1,,3,jinahya,jinahya-springframework,0.0,1.25,0.33,0.4,3.0,0.5,4.0
32,2019-04-29T20:08:53+0200,2019-07-14T15:55:31+0200,75,ddaninthe/botgether,76.75,1089.0,1664,1664,208.5,325,208.5,325,999.0,50099.0,6,52,19,1625.0,0.253333333333333,0.24,2,2,1.0,2,ddaninthe,botgether,0.0,3.5700000000000003,0.15,0.3,8.515,3.185,2.1950000000000003
32,2019-05-10T17:02:17+0200,2019-05-17T13:44:04+0200,6,LorenzoBettini/demo-spring-testing,100.0,350.5,553,553,100.5,302,100.5,302,731.0,731.0,1,66,7,2.0625,1.16666666666667,1.0,4,1,1.0,4,LorenzoBettini,demo-spring-testing,0.0,3.825,0.175,0.375,7.68,2.1149999999999998,3.94
160,2019-01-16T15:46:04+0100,2019-07-24T16:36:36+0200,188,hmcts/rpa-em-stitching-api,88.85,1702.0,1837,1837,285.0,659,281.0,659,1968.0,259322.0,67,381,53,2.38125,0.281914893617021,0.292553191489362,3,3,2.0,2,hmcts,rpa-em-stitching-api,0.05,2.13,0.18,0.25,5.27,3.09,4.22
128,2018-04-25T12:05:45+0200,2019-07-26T14:05:29+0200,457,camel-tooling/camel-lsp-client-eclipse,67.0,406.0,436,436,221.5,1025,220.0,1025,217824.0,2054858.0,10,135,49,1.0546875,0.107221006564551,0.0306345733041575,2,2,4.0,1,camel-tooling,camel-lsp-client-eclipse,0.05,2.3049999999999997,0.195,0.335,5.475,1.355,3.975
1032,2017-08-10T16:37:52+0200,2019-07-22T15:42:45+0200,710,dotwebstack/dotwebstack-framework,81.5,10286.0,12046,12046,233.0,2762,280.0,2762,1160.5,675595.0,228,3252,351,3.15116279069767,0.494366197183099,0.192957746478873,3,3,2.0,3,dotwebstack,dotwebstack-framework,0.02,4.65,0.11,0.25,9.28,5.35,4.115
24,2019-04-23T15:40:11+0200,2019-04-26T13:15:24+0200,2,galasam/GalaBank,60.6,2509.0,2566,2566,339.0,716,339.0,716,,,0,35,3,1.4583333333333302,1.5,1.5,2,3,,4,galasam,GalaBank,0.1,1.44,0.16,0.35,8.57,3.25,1.54
32,2019-01-01T10:38:10+0100,2019-04-20T06:49:21+0200,108,jinahya/bit-io,72.5,1185.0,1355,1355,126.5,252,126.0,252,8289.0,16359.0,2,95,20,2.96875,0.185185185185185,0.185185185185185,2,1,4.0,1,jinahya,bit-io,0.17,2.0149999999999997,0.26,0.66,6.055,24.0,4.2
80,2018-10-31T15:15:41+0100,2019-04-16T11:58:06+0200,166,CJSCommonPlatform/framework-domain,87.1,236.0,236,236,138.0,312,137.5,312,5637.5,1193344.0,4,88,15,1.1,0.0903614457831325,0.0662650602409639,3,1,3.0,1,CJSCommonPlatform,framework-domain,0.0,10.46,0.09,0.08,10.26,1.0,3.75
48,2019-01-28T11:56:46+0100,2019-03-26T10:37:06+0100,56,hmcts/ccd-definition-designer-api,92.6,1269.0,1269,1269,370.0,735,367.0,735,728.0,428562.0,25,115,18,2.3958333333333304,0.32142857142857106,0.214285714285714,4,3,1.0,2,hmcts,ccd-definition-designer-api,0.01,2.05,0.21,0.3,4.34,3.94,4.23
80,2019-01-22T09:28:37+0100,2019-03-24T22:02:53+0100,61,DaJaime/optidb-server,12.85,589.0,781,781,137.0,296,136.0,296,365.0,405.0,2,121,31,1.5125,0.508196721311475,0.475409836065574,1,1,1.0,3,DaJaime,optidb-server,0.0,1.475,0.22,0.65,5.055,2.6,7.275
48,2019-03-05T17:32:55+0100,2019-03-12T18:15:34+0100,7,GOBDS/mapfood,64.65,1275.5,1762,1762,140.0,229,140.0,229,43350.5,63493.0,29,74,6,1.5416666666666698,0.857142857142857,0.857142857142857,2,1,4.0,4,GOBDS,mapfood,0.0,0.22499999999999998,0.29,0.5700000000000001,3.415,3.42,5.395
88,2018-12-13T22:29:58+0100,2019-03-11T20:48:04+0100,87,ioet/bpm-people-api,29.6,649.0,630,630,238.0,500,238.0,500,795.0,101595.0,5,113,20,1.28409090909091,0.229885057471264,0.172413793103448,1,3,1.0,2,ioet,bpm-people-api,0.14,5.04,0.15,0.36,7.61,2.0,2.2
56,2019-02-06T00:43:30+0100,2019-03-05T20:57:43+0100,27,adilsonsilva/autenticacao,33.3,159.0,304,304,153.5,715,153.5,715,1338.0,58133.0,11,66,4,1.17857142857143,0.148148148148148,0.148148148148148,1,2,2.0,1,adilsonsilva,autenticacao,0.0,0.81,0.24,0.22,4.75,1.0,1.33
32,2018-11-18T10:20:30+0100,2019-02-24T17:27:07+0100,98,itsallcode/openfasttrace,83.3,8313.0,8970,8970,142.5,275,140.0,424,4588.0,1790217.0,25,133,18,4.15625,0.18367346938775506,0.14285714285714302,3,1,3.0,1,itsallcode,openfasttrace,0.060000000000000005,2.035,0.21,0.46,4.785,3.835,6.735
40,2018-12-12T11:52:04+0100,2019-02-17T14:17:04+0100,67,try0/wicket-toastr,86.5,2871.0,1831,1831,104.0,393,191.5,299,,,0,44,11,1.1,0.164179104477612,0.149253731343284,3,1,,1,try0,wicket-toastr,0.09,3.03,0.09,0.16,8.01,1.64,4.45
72,2019-02-01T13:13:44+0100,2019-02-10T18:36:27+0100,9,coffeenet/coffeenet-starter,65.0,2746.0,2688,2688,193.0,1580,192.5,1580,,,0,80,5,1.11111111111111,0.555555555555556,0.555555555555556,2,2,,3,coffeenet,coffeenet-starter,0.0,3.3,0.16,0.23,6.74,6.36,3.81
112,2018-10-23T19:27:08+0200,2018-11-29T19:49:20+0100,37,symonk/sylenium,67.75,641.0,1154,1154,125.5,232,123.5,232,1182.0,2636.0,29,114,8,1.01785714285714,0.216216216216216,0.216216216216216,2,1,2.0,1,symonk,sylenium,0.055,1.21,0.20500000000000002,0.4,3.9349999999999996,3.14,1.795
64,2017-12-06T19:18:52+0100,2017-12-15T11:25:21+0100,8,NoticeMeDan/cinema,5.15,795.5,995,995,59.0,237,59.0,237,1820.0,35992.0,31,222,8,3.46875,1.0,1.0,1,1,2.0,4,NoticeMeDan,cinema,0.05,0.605,0.275,0.59,3.3499999999999996,3.62,3.82
